in Minuten,HCOO- (formate) [mol/L],OH- (hydroxide) [mol/L],CH3OH (methanol) [mol/L],CO32- [mol/L],in Minuten,Cell potential [V],Anode potential [V],I [mA]
4.55782,-0.02983,0.96023,1.92347,0.03626,4.50203,4.81299,1.32079,4999.15817
4.65177,-0.02841,0.95858,1.9228,0.03634,4.5637,4.82924,1.32255,4999.22204
4.74572,-0.02698,0.95722,1.9219,0.0364,4.62538,4.83501,1.3241,4999.4291
4.83966,-0.02565,0.95626,1.92007,0.03641,4.68705,4.82929,1.32585,4998.57286
4.93361,-0.02432,0.95531,1.91823,0.03642,4.74872,4.83325,1.32548,4999.4812
5.02756,-0.02299,0.95435,1.9164,0.03642,4.81039,4.82408,1.32227,4999.30799
5.12151,-0.02166,0.95339,1.91456,0.03643,4.87206,4.82933,1.32738,4999.71652
5.21546,-0.02031,0.95237,1.91274,0.03644,4.93373,4.82949,1.32354,4999.10721
5.30941,-0.01877,0.95034,1.91177,0.03656,4.99541,4.83184,1.32493,4999.14417
5.40336,-0.01722,0.9483,1.91093,0.03671,5.05708,4.83067,1.32418,4998.70564
5.49731,-0.01568,0.94625,1.9101,0.03685,5.11875,4.83056,1.32518,4999.33783
5.59126,-0.01413,0.94421,1.90927,0.037,5.18042,4.83188,1.32277,4999.71304
5.68521,-0.01259,0.94217,1.90844,0.03714,5.24209,4.82998,1.32254,4999.88117
5.77916,-0.01121,0.94088,1.90727,0.03724,5.30376,4.83469,1.33304,4999.42571
5.87311,-0.00985,0.93999,1.90586,0.03729,5.36544,4.8353,1.33689,5000.40487
5.96706,-0.00849,0.9391,1.90445,0.03734,5.42711,4.83476,1.33172,5000.41838
6.06101,-0.00713,0.9382,1.90304,0.03739,5.48878,4.83423,1.33389,4999.42922
6.15495,-0.00577,0.93731,1.90162,0.03744,5.55045,4.8318,1.33068,4999.42782
6.2489,-0.00434,0.93621,1.90033,0.03749,5.61212,4.83355,1.32697,4999.41689
6.34285,-0.00281,0.93457,1.89924,0.03757,5.67379,4.83602,1.32785,4999.3673
6.4368,-0.00129,0.93294,1.89815,0.03764,5.73547,4.8352,1.32683,4998.25553
6.53075,2.40E-04,0.93131,1.89706,0.03772,5.79714,4.82895,1.32005,4999.15904
6.6247,0.00177,0.92967,1.89597,0.0378,5.85881,4.83515,1.32043,4999.65912
6.71865,0.0033,0.92806,1.89486,0.03787,5.92048,4.83402,1.32195,4999.41445
6.8126,0.00494,0.92672,1.89373,0.03796,5.98215,4.83168,1.32635,5000.2767
6.90655,0.00659,0.92542,1.89264,0.03805,6.04382,4.82714,1.32725,4999.54837
7.0005,0.00824,0.92411,1.89154,0.03814,6.1055,4.8318,1.32457,4998.65394
7.09445,0.0099,0.9228,1.89044,0.03823,6.16717,4.83275,1.32563,4999.47814
7.1884,0.01155,0.92149,1.88935,0.03832,6.22884,4.83534,1.32687,4999.33119
7.28235,0.01295,0.92021,1.88801,0.03837,6.29051,4.83169,1.32865,4998.33324
7.3763,0.01418,0.91904,1.88644,0.03838,6.35218,4.82918,1.32576,4999.20703
7.47024,0.01541,0.91788,1.88488,0.0384,6.41385,4.824,1.32832,5000.20205
7.56419,0.01663,0.91671,1.88332,0.03841,6.47553,4.82865,1.32632,4998.84213
7.65814,0.01786,0.91554,1.88176,0.03843,6.5372,4.82962,1.32758,4999.44456
7.75209,0.01919,0.91428,1.88024,0.03847,6.59887,4.82873,1.32817,4999.68329
7.84604,0.02074,0.91249,1.87899,0.03858,6.66054,4.83148,1.32795,4999.67596
7.93999,0.02229,0.9107,1.87775,0.0387,6.72221,4.83346,1.3303,4999.29746
8.03394,0.02383,0.90891,1.8765,0.03881,6.78388,4.83331,1.32272,4999.92675
8.12789,0.02538,0.90712,1.87525,0.03892,6.84556,4.83085,1.32746,4999.66738
8.22184,0.02693,0.90532,1.87403,0.03904,6.90723,4.83036,1.32442,4999.56383
8.31579,0.0285,0.904,1.87276,0.03911,6.9689,4.8255,1.33124,4998.97696
8.40974,0.03007,0.90277,1.87146,0.03917,7.03057,4.83345,1.32726,4999.78898
8.50369,0.03165,0.90154,1.87015,0.03922,7.09224,4.82356,1.3229,4999.13807
8.59764,0.03322,0.90031,1.86884,0.03928,7.15391,4.82729,1.32398,5000.06752
8.69159,0.0348,0.89908,1.86753,0.03934,7.21559,4.81965,1.32229,4999.66848
8.78553,0.03641,0.89752,1.86613,0.03939,7.27726,4.82841,1.32903,4999.72814
8.87948,0.03802,0.89575,1.86475,0.03946,7.33893,4.82538,1.32505,4998.86808
8.97343,0.03962,0.89398,1.86338,0.03953,7.4006,4.82312,1.32829,4999.51552
9.06738,0.04123,0.8922,1.86201,0.03959,7.46227,4.829,1.33426,4999.97715
9.16133,0.04284,0.89043,1.86063,0.03966,7.52394,4.82243,1.33455,4998.32403
9.25528,0.04433,0.88892,1.85939,0.03975,7.58562,4.82903,1.33636,4998.56829
9.34923,0.04566,0.88781,1.85835,0.03985,7.64729,4.82845,1.32752,4999.62542
9.44318,0.04698,0.88671,1.85731,0.03994,7.70896,4.82651,1.32887,4999.80014
9.53713,0.0483,0.8856,1.85627,0.04004,7.77063,4.82666,1.33059,4999.48768
9.63108,0.04963,0.8845,1.85523,0.04013,7.8323,4.82682,1.3309,4999.89882
9.72503,0.05092,0.88337,1.85415,0.04022,7.89397,4.83022,1.33062,4999.67966
9.81898,0.0521,0.88208,1.85257,0.0403,7.95565,4.83164,1.36082,4998.51698
9.91293,0.05329,0.88078,1.85096,0.04038,8.01732,4.83199,1.32506,4998.60345
10.00688,0.05447,0.87948,1.84935,0.04047,8.07899,4.82869,1.32748,4999.828
10.10082,0.05565,0.87818,1.84773,0.04055,8.14066,4.82255,1.33192,4998.94498
10.19477,0.05683,0.87688,1.84612,0.04064,8.20233,4.83352,1.33309,4999.86521
10.28872,0.05835,0.87561,1.84462,0.04071,8.264,4.82881,1.32801,5000.60001
10.38267,0.0599,0.87445,1.8432,0.04077,8.32568,4.8276,1.37735,4998.69324
10.47662,0.06146,0.87328,1.84178,0.04083,8.38735,4.83194,1.36749,4999.44918
10.57057,0.06301,0.87212,1.84036,0.04089,8.44902,4.83629,1.36226,4998.47724
10.66452,0.06457,0.87095,1.83894,0.04095,8.51069,4.83309,1.35812,5000.41093
10.75847,0.06601,0.8697,1.83779,0.04104,8.57236,4.83921,1.35108,5000.33987
10.85242,0.06737,0.86804,1.83683,0.04118,8.63403,4.8312,1.3536,4998.62082
10.94637,0.06873,0.86639,1.83587,0.04131,8.69571,4.83206,1.35178,4998.76813
11.04032,0.07009,0.86473,1.83491,0.04145,8.75738,4.83678,1.35121,4999.40317
11.13427,0.07146,0.86307,1.83395,0.04159,8.81905,4.83398,1.34962,5000.19519
11.22822,0.07283,0.86143,1.83284,0.04171,8.88072,4.8319,1.34588,4998.38943
11.32217,0.07433,0.86028,1.8312,0.04177,8.94239,4.8354,1.3412,4999.04098
11.41611,0.07585,0.85916,1.82957,0.04182,9.00406,4.83476,1.34494,4999.4766
11.51006,0.07736,0.85804,1.82794,0.04188,9.06574,4.83335,1.33872,5000.29242
11.60401,0.07888,0.85693,1.8263,0.04193,9.12741,4.83841,1.34188,5000.02482
11.69796,0.0804,0.85581,1.82467,0.04199,9.18908,4.83503,1.34433,5000.14284
11.79191,0.08198,0.85413,1.82356,0.04208,9.25075,4.82786,1.33806,4999.2706
11.88586,0.08353,0.85224,1.82253,0.04219,9.31242,4.83182,1.33887,4999.24327
11.97981,0.08509,0.85034,1.82151,0.0423,9.37409,4.83726,1.34005,4997.92541
12.07376,0.08664,0.84845,1.82048,0.04241,9.43577,4.83167,1.33957,4998.46141
12.16771,0.08819,0.84655,1.81945,0.04252,9.49744,4.83077,1.33988,4999.36369
12.26166,0.08959,0.84489,1.81821,0.04262,9.55911,4.82801,1.33389,4999.1619
12.35561,0.09094,0.84367,1.81682,0.04271,9.62078,4.82043,1.34138,4999.01674
12.44956,0.09229,0.84245,1.81542,0.0428,9.68245,4.83489,1.341,4999.34517
12.54351,0.09364,0.84124,1.81403,0.04288,9.74412,4.82984,1.37216,4998.73711
12.63746,0.09499,0.84002,1.81263,0.04297,9.8058,4.83929,1.3403,4999.36888
12.7314,0.09637,0.83887,1.81132,0.04306,9.86747,4.83766,1.34018,4999.23795
12.82535,0.09776,0.8376,1.81001,0.04316,9.92914,4.84048,1.34021,5000.01168
12.9193,0.09913,0.8363,1.80869,0.04327,9.99081,4.83497,1.33947,4999.07948
13.01325,0.10051,0.83501,1.80737,0.04337,10.05248,4.83468,1.34675,4998.81419
13.1072,0.10188,0.83372,1.80605,0.04347,10.11415,4.83297,1.37623,4999.46967
13.20115,0.10326,0.83243,1.80473,0.04358,10.17583,4.84145,1.33163,5000.61444
13.2951,0.10455,0.83106,1.80366,0.04371,10.2375,4.84083,1.342,4998.75248
13.38905,0.10577,0.82976,1.80264,0.04384,10.29917,4.84195,1.34047,4999.21837
13.483,0.10699,0.82847,1.80163,0.04397,10.36084,4.84563,1.34177,4999.05574
13.57695,0.10821,0.82717,1.80061,0.0441,10.42251,4.83405,1.40181,4997.56634
13.6709,0.10942,0.82587,1.7996,0.04424,10.48418,4.84733,1.38857,4999.29521
13.76485,0.11079,0.82442,1.79863,0.04434,10.54586,4.848,1.37989,4999.82959
13.8588,0.11251,0.82269,1.79769,0.04442,10.60753,4.85196,1.36926,4998.72204
13.95275,0.11424,0.82096,1.79675,0.0445,10.6692,4.85224,1.37195,5000.41223
14.04669,0.11596,0.81923,1.7958,0.04458,10.73087,4.85075,1.3711,4999.05582
14.14064,0.11768,0.81751,1.79486,0.04465,10.79254,4.83519,1.3667,4999.03658
14.23459,0.11939,0.81587,1.79388,0.04473,10.85421,4.84916,1.37013,4998.77034
14.32854,0.12057,0.81481,1.79282,0.04487,10.91589,4.84279,1.36445,4999.82502
14.42249,0.12174,0.81375,1.79177,0.04501,10.97756,4.84746,1.36939,4999.83992
14.51644,0.12291,0.81269,1.79071,0.04515,11.03923,4.85221,1.3726,4998.1695
14.61039,0.12409,0.81164,1.78965,0.04529,11.1009,4.85328,1.37017,4999.48123
14.70434,0.12526,0.81058,1.78859,0.04543,11.16257,4.84647,1.37318,4999.64661
14.79829,0.12662,0.80924,1.7872,0.0455,11.22424,4.84234,1.37379,4998.70321
14.89224,0.12803,0.80788,1.78579,0.04556,11.28592,4.84608,1.37476,4998.92255
14.98619,0.12945,0.80652,1.78438,0.04561,11.34759,4.84369,1.37803,4999.5018
15.08014,0.13086,0.80515,1.78297,0.04567,11.40926,4.84876,1.37246,4998.33746
15.17409,0.13227,0.80379,1.78155,0.04572,11.47093,4.85102,1.37528,5000.12761
15.26803,0.13354,0.80253,1.78041,0.04581,11.5326,4.84255,1.37791,5000.3335
15.36198,0.13477,0.80126,1.77938,0.04594,11.59427,4.8475,1.37751,4999.61307
15.45593,0.136,0.79999,1.77835,0.04607,11.65595,4.85663,1.3802,4999.8865
15.54988,0.13723,0.79872,1.77731,0.0462,11.71762,4.83862,1.37622,4999.28798
15.64383,0.13846,0.79746,1.77628,0.04633,11.77929,4.84648,1.37984,4999.6379
15.73778,0.13975,0.79618,1.77512,0.04646,11.84096,4.84477,1.37898,4998.89637
15.83173,0.14106,0.79482,1.77381,0.04658,11.90263,4.84506,1.3776,4999.93161
15.92568,0.14237,0.79345,1.7725,0.0467,11.9643,4.84659,1.38027,4998.92268
16.01963,0.14368,0.79209,1.77119,0.04682,12.02598,4.85693,1.37981,4998.77321
16.11358,0.14499,0.79072,1.76987,0.04694,12.08765,4.84223,1.38119,4999.00217
16.20753,0.1463,0.78936,1.76856,0.04705,12.14932,4.84653,1.38142,5000.18789
16.30148,0.14791,0.78798,1.76751,0.04715,12.21099,4.84151,1.37957,4999.46741
16.39543,0.14951,0.78673,1.76641,0.04725,12.27266,4.85113,1.38222,4999.66527
16.48938,0.15112,0.78548,1.7653,0.04734,12.33433,4.85177,1.38316,5000.68809
16.58332,0.15272,0.78423,1.7642,0.04744,12.39601,4.85844,1.38353,4999.35586
16.67727,0.15432,0.78297,1.7631,0.04753,12.45768,4.83887,1.38192,4999.01114
16.77122,0.1558,0.78159,1.76199,0.04763,12.51935,4.84831,1.38414,4998.84423
16.86517,0.1573,0.7799,1.76107,0.04773,12.58102,4.8558,1.38409,4999.02579
16.95912,0.15881,0.77821,1.76015,0.04784,12.64269,4.85708,1.38185,5000.30835
17.05307,0.16031,0.77652,1.75923,0.04794,12.70436,4.86029,1.3865,4999.3698
17.14702,0.16182,0.77483,1.75831,0.04804,12.76604,4.85124,1.38437,4998.72144
17.24097,0.16331,0.77318,1.7572,0.04815,12.82771,4.85029,1.37668,5000.46889
17.33492,0.1646,0.77209,1.75539,0.04826,12.88938,4.84796,1.38074,5000.00344
17.42887,0.1659,0.77099,1.75358,0.04838,12.95105,4.8596,1.36945,5000.67084
17.52282,0.1672,0.7699,1.75177,0.04849,13.01272,4.85665,1.38188,4999.67378
17.61677,0.1685,0.7688,1.74996,0.0486,13.07439,4.85188,1.38234,4999.29626
17.71072,0.16979,0.76771,1.74816,0.04872,13.13607,4.85943,1.38344,4999.14886
17.80467,0.17116,0.76647,1.74714,0.04884,13.19774,4.8559,1.38438,4999.38265
17.89861,0.17255,0.76509,1.74634,0.04897,13.25941,4.85729,1.38069,4999.14968
17.99256,0.17393,0.76372,1.74554,0.04911,13.32108,4.85322,1.3721,4999.26054
18.08651,0.17531,0.76235,1.74475,0.04924,13.38275,4.85734,1.38221,4998.95814
18.18046,0.17669,0.76098,1.74395,0.04937,13.44442,4.85591,1.3806,5000.31509
18.27441,0.17801,0.75956,1.74295,0.04951,13.5061,4.85864,1.37743,4999.02896
18.36836,0.17927,0.75818,1.74162,0.04962,13.56777,4.86342,1.38046,4999.80855
18.46231,0.18052,0.75679,1.7403,0.04974,13.62944,4.84866,1.38267,5000.03143
18.55626,0.18178,0.7554,1.73897,0.04986,13.69111,4.86085,1.38154,4998.11275
18.65021,0.18303,0.75402,1.73764,0.04997,13.75278,4.85641,1.38105,5000.02116
18.74416,0.18434,0.75253,1.73632,0.05008,13.81445,4.85518,1.37822,4999.20983
18.83811,0.18582,0.75098,1.73509,0.05018,13.87613,4.8577,1.38127,4998.85357
18.93206,0.18729,0.74943,1.73386,0.05028,13.9378,4.85466,1.3776,4999.17252
19.02601,0.18877,0.74788,1.73264,0.05038,13.99947,4.86003,1.38154,5000.19044
19.11996,0.19024,0.74633,1.73141,0.05049,14.06114,4.85546,1.38053,4999.89374
19.2139,0.1917,0.7448,1.73016,0.05059,14.12281,4.86149,1.38328,4999.38472
19.30785,0.193,0.7436,1.72878,0.0507,14.18448,4.85976,1.3836,4998.8696
19.4018,0.19429,0.74239,1.72745,0.05081,14.24616,4.87232,1.38448,5000.25553
19.49575,0.19559,0.74118,1.72613,0.05093,14.30783,4.8638,1.38284,4999.54402
19.5897,0.19688,0.73998,1.72481,0.05104,14.3695,4.86041,1.38269,4999.50629
19.68365,0.19818,0.73877,1.72348,0.05115,14.43117,4.86518,1.38569,4998.98352
19.7776,0.19948,0.73749,1.72228,0.05126,14.49284,4.84484,1.38345,4998.80684
19.87155,0.20078,0.73626,1.72092,0.05137,14.55451,4.87083,1.38631,4999.73193
19.9655,0.20208,0.73504,1.71956,0.05148,14.61619,4.86648,1.387,4999.86305
20.05945,0.20339,0.73381,1.7182,0.05159,14.67786,4.85449,1.38529,5000.5562
20.1534,0.20469,0.73259,1.71684,0.0517,14.73953,4.85671,1.38655,4999.31409
20.24735,0.20607,0.73134,1.7155,0.0518,14.8012,4.86158,1.38778,4998.45372
20.3413,0.20753,0.72975,1.71465,0.05193,14.86287,4.86521,1.38712,4998.59852
20.43525,0.20899,0.72815,1.7138,0.05206,14.92454,4.86181,1.38818,4998.65119
20.52919,0.21045,0.72656,1.71294,0.05219,14.98622,4.86219,1.37982,4999.11449
20.62314,0.21191,0.72497,1.71209,0.05231,15.04789,4.86498,1.36965,4999.90903
20.71709,0.21335,0.72338,1.71127,0.05244,15.10956,4.86561,1.37874,4999.83165
20.81104,0.21469,0.722,1.71032,0.05254,15.17123,4.86082,1.38213,4999.20952
20.90499,0.21602,0.72068,1.70928,0.05263,15.2329,4.86205,1.38431,5000.30336
20.99894,0.21735,0.71935,1.70823,0.05273,15.29457,4.87224,1.38171,4999.56481
21.09289,0.21868,0.71802,1.70719,0.05283,15.35625,4.86268,1.37569,5000.30736
21.18684,0.22001,0.71669,1.70614,0.05293,15.41792,4.85418,1.3736,5000.20143
21.28079,0.22131,0.7153,1.70499,0.05307,15.47959,4.87252,1.37413,4999.49184
21.37474,0.22264,0.71382,1.70386,0.05322,15.54126,4.86945,1.37801,4998.92209
21.46869,0.22397,0.71233,1.70273,0.05337,15.60293,4.85907,1.38026,4999.33846
21.56264,0.2253,0.71085,1.7016,0.05352,15.6646,4.86483,1.38172,4999.34271
21.65659,0.22663,0.70936,1.70047,0.05368,15.72628,4.85744,1.37567,4999.84925
21.75054,0.2279,0.70805,1.69939,0.05381,15.78795,4.86822,1.37729,4999.63769
21.84448,0.22881,0.70737,1.69807,0.05391,15.84962,4.88103,1.38258,4999.33919
21.93843,0.22972,0.70668,1.69674,0.054,15.91129,4.8675,1.38483,4999.05074
22.03238,0.23063,0.706,1.69541,0.05409,15.97296,4.87791,1.3857,4999.59701
22.12633,0.23154,0.70532,1.69408,0.05418,16.03463,4.87459,1.38622,5000.06868
22.22028,0.23245,0.70463,1.69272,0.05427,16.09631,4.8667,1.38083,4999.63477
22.31423,0.23386,0.70306,1.69179,0.05445,16.15798,4.86795,1.383,4999.09344
22.40818,0.23536,0.70133,1.69101,0.05464,16.21965,4.87415,1.38415,5000.5473
22.50213,0.23686,0.6996,1.69023,0.05483,16.28132,4.86314,1.38416,4999.40773
22.59608,0.23836,0.69787,1.68945,0.05503,16.34299,4.87337,1.38321,4999.93196
22.69003,0.23987,0.69614,1.68867,0.05522,16.40466,4.86851,1.38445,4999.27165
22.78398,0.24118,0.69458,1.6876,0.05537,16.46634,4.8666,1.38224,4998.77915
22.87793,0.24229,0.69335,1.68611,0.05548,16.52801,4.86751,1.38236,5000.60615
22.97188,0.2434,0.69212,1.68462,0.0556,16.58968,4.87702,1.38435,4999.18248
23.06583,0.24452,0.6909,1.68313,0.05571,16.65135,4.8647,1.3866,4999.75483
23.15977,0.24563,0.68967,1.68164,0.05582,16.71302,4.87489,1.38675,4998.89101
23.25372,0.24687,0.68847,1.68026,0.05594,16.77469,4.87631,1.38235,4999.45285
23.34767,0.24847,0.68702,1.67932,0.05608,16.83637,4.87307,1.38413,4999.71505
23.44162,0.25007,0.68558,1.67838,0.05623,16.89804,4.87334,1.384,4998.71107
23.53557,0.25167,0.68413,1.67745,0.05637,16.95971,4.87596,1.38334,5000.35603
23.62952,0.25327,0.68269,1.67651,0.05651,17.02138,4.88525,1.3833,5000.06484
23.72347,0.25485,0.68124,1.67559,0.05665,17.08305,4.87686,1.38455,4998.50725
23.81742,0.25617,0.67978,1.67504,0.05681,17.14472,4.87664,1.38645,4999.65567
23.91137,0.25748,0.67832,1.67454,0.05697,17.2064,4.87824,1.38718,4999.44062
24.00532,0.25879,0.67685,1.67404,0.05712,17.26807,4.88513,1.38837,4999.75474
24.09927,0.2601,0.67539,1.67353,0.05728,17.32974,4.88045,1.38716,5000.20078
24.19322,0.2614,0.67392,1.67303,0.05744,17.39141,4.88063,1.38579,4999.54321
24.28717,0.26287,0.6726,1.67218,0.05758,17.45308,4.87768,1.38471,5000.19347
24.38112,0.26439,0.6714,1.67098,0.05769,17.51475,4.86597,1.38249,4999.48051
24.47506,0.2659,0.67019,1.66978,0.05781,17.57643,4.87351,1.38269,4998.70225
24.56901,0.26742,0.66899,1.66858,0.05793,17.6381,4.87318,1.38376,5000.9191
24.66296,0.26893,0.66778,1.66738,0.05805,17.69977,4.88102,1.38569,5000.7777
24.75691,0.27037,0.6666,1.66603,0.05816,17.76144,4.87345,1.38485,5000.37334
24.85086,0.27167,0.66546,1.66462,0.05829,17.82311,4.8729,1.3825,5000.62584
24.94481,0.27296,0.66433,1.6632,0.05843,17.88478,4.8749,1.38117,4998.81888
25.03876,0.27426,0.6632,1.66179,0.05856,17.94646,4.87555,1.38491,4998.47581
25.13271,0.27556,0.66206,1.66037,0.05869,18.00813,4.88339,1.38722,4999.12032
25.22666,0.27683,0.66088,1.65896,0.05883,18.0698,4.87002,1.38454,4999.51087
25.32061,0.27811,0.65934,1.65765,0.05898,18.13147,4.88,1.38767,4999.28985
25.41456,0.2794,0.65779,1.65634,0.05912,18.19314,4.8899,1.38636,4998.16463
25.50851,0.2807,0.65624,1.65504,0.05926,18.25481,4.88873,1.38637,5000.65962
25.60246,0.28199,0.65468,1.65373,0.05941,18.31649,4.88426,1.38494,4999.66984
25.69641,0.28328,0.65313,1.65242,0.05955,18.37816,4.88927,1.38666,4999.69231
25.79035,0.28456,0.65211,1.65067,0.05966,18.43983,4.87548,1.38623,4998.7794
25.8843,0.28583,0.65116,1.64878,0.05976,18.5015,4.88017,1.3838,4999.61245
25.97825,0.2871,0.65022,1.64688,0.05987,18.56317,4.87915,1.3865,4999.12034
26.0722,0.28837,0.64927,1.64499,0.05998,18.62484,4.88582,1.38582,4999.5681
26.16615,0.28964,0.64832,1.6431,0.06009,18.68652,4.88371,1.38373,5000.05496
26.2601,0.29108,0.647,1.64169,0.06023,18.74819,4.87212,1.38495,5000.13566
26.35405,0.29265,0.64543,1.64074,0.06037,18.80986,4.87767,1.38898,4998.94828
26.448,0.29421,0.64387,1.6398,0.06052,18.87153,4.88018,1.38878,4999.29586
26.54195,0.29578,0.6423,1.63885,0.06066,18.9332,4.89297,1.39081,4999.65563
26.6359,0.29734,0.64074,1.6379,0.06081,18.99487,4.88045,1.38985,4999.39992
26.72985,0.29882,0.63926,1.63684,0.06094,19.05655,4.88348,1.39132,4999.06447
26.8238,0.29992,0.63781,1.63552,0.06106,19.11822,4.88332,1.39022,4998.30676
26.91775,0.30101,0.63634,1.6342,0.06119,19.17989,4.88077,1.3896,4999.6377
27.0117,0.30211,0.63487,1.63288,0.06132,19.24156,4.87752,1.38425,4999.30675
27.10564,0.3032,0.63341,1.63157,0.06144,19.30323,4.87687,1.38859,4998.58525
27.19959,0.3043,0.63194,1.63025,0.06157,19.3649,4.88325,1.38787,4999.90369
27.29354,0.30546,0.63078,1.62876,0.06172,19.42658,4.87967,1.38957,4997.76481
27.38749,0.30664,0.62969,1.62722,0.06188,19.48825,4.88065,1.38966,4999.62746
27.48144,0.30783,0.62859,1.62569,0.06203,19.54992,4.87514,1.38297,5000.61566
27.57539,0.30901,0.62749,1.62415,0.06219,19.61159,4.87844,1.38517,4999.51719
27.66934,0.31019,0.62639,1.62261,0.06234,19.67326,4.89385,1.38857,4999.6744
27.76329,0.31141,0.62506,1.62122,0.0625,19.73493,4.88775,1.38818,4999.58109
27.85724,0.31263,0.62369,1.61994,0.06265,19.79661,4.88539,1.38848,5000.43396
27.95119,0.31386,0.62231,1.61867,0.0628,19.85828,4.88013,1.38764,4999.60764
28.04514,0.31508,0.62094,1.61739,0.06296,19.91995,4.89055,1.38794,4999.19931
28.13909,0.31631,0.61957,1.61611,0.06311,19.98162,4.88605,1.38612,4999.20389
28.23304,0.31756,0.61826,1.61481,0.06325,20.04329,4.87612,1.38996,4999.81617
28.32699,0.31894,0.61684,1.61359,0.06338,20.10496,4.88672,1.38983,4999.97151
28.42093,0.32032,0.61542,1.61236,0.06351,20.16664,4.88603,1.39084,4999.17708
28.51488,0.3217,0.61399,1.61114,0.06364,20.22831,4.88988,1.39139,4998.12227
28.60883,0.32309,0.61256,1.60992,0.06376,20.28998,4.87778,1.38858,4999.38447
28.70278,0.32447,0.61114,1.6087,0.06389,20.35165,4.87629,1.3897,4999.05372
28.79673,0.32587,0.60981,1.60767,0.06408,20.41332,4.89254,1.39102,4999.42455
28.89068,0.3273,0.60854,1.60672,0.06427,20.47499,4.88518,1.38926,4998.01483
28.98463,0.32874,0.60728,1.60577,0.06446,20.53667,4.88942,1.38866,4999.08083
29.07858,0.33017,0.60601,1.60482,0.06465,20.59834,4.89658,1.39066,4998.48247
29.17253,0.33161,0.60474,1.60387,0.06483,20.66001,4.89033,1.38958,4998.16405
29.26648,0.33299,0.60335,1.6027,0.065,20.72168,4.88527,1.38819,4998.38584
29.36043,0.33432,0.60187,1.60128,0.06516,20.78335,4.88691,1.39079,4998.93158
29.45438,0.33564,0.6004,1.59986,0.06532,20.84502,4.89353,1.39449,4998.92303
29.54833,0.33697,0.59892,1.59845,0.06548,20.9067,4.88911,1.39075,4999.71936
29.64227,0.33829,0.59745,1.59703,0.06565,20.96837,4.89762,1.39021,4998.95613
29.73622,0.33956,0.59608,1.59563,0.0658,21.03004,4.88639,1.38908,4999.68305
29.83017,0.3405,0.59484,1.59436,0.06594,21.09171,4.88927,1.39261,4998.94578
29.92412,0.34144,0.59361,1.59309,0.06608,21.15338,4.89938,1.39567,4999.47442
30.01807,0.34238,0.59238,1.59182,0.06622,21.21505,4.89998,1.39408,4999.40554
30.11202,0.34332,0.59114,1.59055,0.06636,21.27673,4.89899,1.39402,4999.95074
30.20597,0.34426,0.58991,1.58928,0.0665,21.3384,4.88865,1.39272,4999.41763
30.29992,0.34582,0.5885,1.58877,0.06665,21.40007,4.8944,1.39375,4998.84477
30.39387,0.34744,0.58719,1.58831,0.06679,21.46174,4.89995,1.39226,5000.21772
30.48782,0.34907,0.58587,1.58784,0.06692,21.52341,4.89186,1.39321,4999.85177
30.58177,0.35069,0.58456,1.58738,0.06706,21.58508,4.88899,1.39268,4999.87844
30.67572,0.35232,0.58325,1.58692,0.06719,21.64676,4.88343,1.39181,4999.45625
30.76967,0.35359,0.58208,1.58579,0.06735,21.70843,4.89327,1.39036,4998.25555
30.86362,0.35462,0.58092,1.58421,0.06752,21.7701,4.88654,1.39367,4998.60086
30.95756,0.35565,0.57975,1.58264,0.0677,21.83177,4.88986,1.39426,5000.66721
31.05151,0.35668,0.57859,1.58107,0.06788,21.89344,4.88947,1.39441,4999.94997
31.14546,0.35771,0.57742,1.57949,0.06806,21.95511,4.89169,1.39401,4999.29189
31.23941,0.35876,0.57623,1.57799,0.06824,22.01679,4.88639,1.39246,4999.77756
31.33336,0.35986,0.57488,1.57683,0.06841,22.07846,4.90397,1.39536,4999.69547
31.42731,0.36097,0.57352,1.57566,0.06859,22.14013,4.90095,1.39444,4999.5184
31.52126,0.36208,0.57217,1.5745,0.06877,22.2018,4.90224,1.39457,4999.69788
31.61521,0.36318,0.57082,1.57333,0.06895,22.26347,4.88873,1.39323,4999.76494
31.70916,0.36429,0.56947,1.57217,0.06913,22.32514,4.89191,1.39473,4999.50981
31.80311,0.36559,0.56792,1.57126,0.06929,22.38682,4.89994,1.39714,4998.48016
31.89706,0.3669,0.56639,1.57029,0.06947,22.44849,4.89479,1.39632,5000.59835
31.99101,0.36822,0.56487,1.56932,0.06965,22.51016,4.8942,1.39546,4998.68945
32.08496,0.36953,0.56334,1.56835,0.06983,22.57183,4.90341,1.39594,5000.14133
32.17891,0.37084,0.56181,1.56738,0.07001,22.6335,4.88736,1.39207,4999.66766
32.27285,0.3721,0.56045,1.5663,0.07019,22.69517,4.89049,1.39372,4999.07175
32.3668,0.37337,0.55923,1.5653,0.07035,22.75685,4.89351,1.39314,4999.92693
32.46075,0.37463,0.55802,1.56429,0.07052,22.81852,4.89329,1.39433,4998.61548
32.5547,0.3759,0.55681,1.56329,0.07068,22.88019,4.8967,1.38138,4998.15492
32.64865,0.37716,0.5556,1.56229,0.07085,22.94186,4.90117,1.38246,5000.48219
32.7426,0.37841,0.55436,1.5613,0.07102,23.00353,4.89284,1.39023,4999.39064
32.83655,0.37954,0.55312,1.56007,0.07121,23.0652,4.89798,1.38964,4999.88314
32.9305,0.38067,0.55187,1.55885,0.0714,23.12688,4.89295,1.3877,4999.7022
33.02445,0.38181,0.55063,1.55762,0.0716,23.18855,4.90411,1.39289,4999.91774
33.1184,0.38294,0.54939,1.55639,0.07179,23.25022,4.89272,1.39005,5000.51647
33.21235,0.38408,0.54814,1.55516,0.07199,23.31189,4.89678,1.39221,4999.05239
33.3063,0.38547,0.54652,1.55413,0.07218,23.37356,4.89969,1.39266,4998.82709
33.40025,0.38687,0.54484,1.55316,0.07237,23.43523,4.89237,1.39353,4999.69226
33.4942,0.38828,0.54317,1.5522,0.07256,23.49691,4.88947,1.38854,4999.22007
33.58814,0.38969,0.54149,1.55123,0.07275,23.55858,4.89852,1.3908,5001.34898
33.68209,0.39109,0.53982,1.55027,0.07294,23.62025,4.88565,1.39184,4999.14326
33.77604,0.39223,0.53868,1.54896,0.07308,23.68192,4.90543,1.39458,4999.13118
33.86999,0.39332,0.5378,1.54753,0.07321,23.74359,4.89983,1.395,4998.78201
33.96394,0.3944,0.53692,1.5461,0.07334,23.80526,4.8955,1.39351,4998.16303
34.05789,0.39549,0.53605,1.54467,0.07347,23.86694,4.89381,1.39266,5001.41193
34.15184,0.39658,0.53517,1.54324,0.0736,23.92861,4.89304,1.39318,5000.0922
34.24579,0.39783,0.53406,1.54198,0.07375,23.99028,4.89882,1.395,4999.06087
34.33974,0.3992,0.53269,1.54066,0.07395,24.05195,4.9045,1.39519,5000.24312
34.43369,0.40057,0.53131,1.53933,0.07414,24.11362,4.90318,1.39591,4999.354
34.52764,0.40194,0.52994,1.538,0.07434,24.17529,4.90615,1.39602,4998.82749
34.62159,0.40331,0.52856,1.53667,0.07453,24.23697,4.89619,1.39472,4998.92532
34.71554,0.40466,0.5272,1.53532,0.07473,24.29864,4.89997,1.39675,4999.66745
34.80949,0.40578,0.52588,1.53403,0.07492,24.36031,4.90537,1.39603,4999.91444
34.90343,0.40691,0.52451,1.53284,0.07512,24.42198,4.90031,1.39671,4999.54054
34.99738,0.40804,0.52314,1.53164,0.07531,24.48365,4.90085,1.395,5000.01684
35.09133,0.40917,0.52177,1.53044,0.0755,24.54532,4.90915,1.39631,4999.94651
35.18528,0.4103,0.5204,1.52924,0.0757,24.607,4.8945,1.39552,4998.55158
35.27923,0.41164,0.51887,1.52818,0.07587,24.66867,4.90545,1.39767,4998.6059
35.37318,0.41307,0.51731,1.5272,0.07605,24.73034,4.90843,1.39858,4999.48181
35.46713,0.4145,0.51576,1.52621,0.07622,24.79201,4.91273,1.39812,5001.02997
35.56108,0.41593,0.5142,1.52523,0.07639,24.85368,4.90496,1.39656,4998.95233
35.65503,0.41736,0.51264,1.52424,0.07656,24.91535,4.90559,1.39517,5001.37698
35.74898,0.4187,0.51121,1.52323,0.07674,24.97703,4.89522,1.39372,4999.04957
35.84293,0.41997,0.5099,1.52216,0.07694,25.0387,4.8901,1.39148,4999.24933
35.93688,0.42123,0.50858,1.52109,0.07713,25.10037,4.9089,1.39697,4999.13198
36.03083,0.4225,0.50727,1.52001,0.07733,25.16204,4.9077,1.39469,4999.58926
36.12478,0.42376,0.50595,1.51894,0.07753,25.22371,4.89402,1.392,4999.67854
36.21872,0.42505,0.50462,1.51791,0.07773,25.28538,4.90876,1.39518,5001.01012
36.31267,0.42637,0.50315,1.51743,0.07795,25.34706,4.91153,1.39588,4999.63306
36.40662,0.42767,0.50171,1.51697,0.07816,25.40873,4.90849,1.39679,4998.67908
36.50057,0.42897,0.50026,1.5165,0.07837,25.4704,4.89764,1.39194,4999.79197
36.59452,0.43027,0.49882,1.51604,0.07858,25.53207,4.89996,1.39353,4998.76727
36.68847,0.43157,0.49737,1.51558,0.0788,25.59374,4.90371,1.39197,4999.64824
36.78242,0.4326,0.49615,1.5142,0.07899,25.65541,4.90103,1.39325,4998.5398
36.87637,0.4335,0.49509,1.51228,0.07917,25.71709,4.89921,1.39293,4999.56071
36.97032,0.43439,0.49403,1.51035,0.07936,25.77876,4.91427,1.39432,4999.75022
37.06427,0.43529,0.49297,1.50843,0.07954,25.84043,4.88941,1.38989,4998.25572
37.15822,0.43618,0.49191,1.5065,0.07972,25.9021,4.90985,1.39574,4998.87231
37.25217,0.43709,0.49087,1.50464,0.07989,25.96377,4.90412,1.39527,5000.08114
37.34612,0.43847,0.48936,1.50375,0.08008,26.02544,4.9063,1.39651,4997.80119
37.44007,0.43985,0.48784,1.50286,0.08027,26.08712,4.90471,1.39608,4999.34627
37.53401,0.44123,0.48633,1.50198,0.08047,26.14879,4.8978,1.3953,4999.20524
37.62796,0.44262,0.48482,1.50109,0.08066,26.21046,4.89647,1.39579,4998.84083
37.72191,0.44405,0.48328,1.50022,0.08085,26.27213,4.91102,1.39777,4999.2251
37.81586,0.44536,0.48206,1.49877,0.08103,26.3338,4.91385,1.39531,4999.64455
37.90981,0.44658,0.48093,1.4972,0.0812,26.39547,4.9094,1.39415,5000.5156
38.00376,0.44781,0.4798,1.49563,0.08138,26.45715,4.905,1.39497,4999.84675
38.09771,0.44904,0.47866,1.49406,0.08155,26.51882,4.91049,1.39485,4998.77489
38.19166,0.45026,0.47753,1.49249,0.08172,26.58049,4.9133,1.39638,4998.86147
38.28561,0.45142,0.47614,1.4915,0.08192,26.64216,4.90775,1.39449,5000.51529
38.37956,0.45269,0.47443,1.49086,0.08215,26.70383,4.90749,1.39337,4998.98393
38.47351,0.45396,0.47273,1.49022,0.08237,26.7655,4.9151,1.39621,4999.84335
38.56746,0.45523,0.47102,1.48958,0.0826,26.82718,4.8953,1.39164,4999.12909
38.66141,0.4565,0.46931,1.48893,0.08283,26.88885,4.92033,1.39591,4998.56554
38.75536,0.45773,0.46762,1.48815,0.08305,26.95052,4.91118,1.39531,4999.5418
38.8493,0.45885,0.46617,1.48706,0.08329,27.01219,4.90951,1.39726,4998.53482
38.94325,0.45998,0.46472,1.48597,0.08352,27.07386,4.90743,1.39821,4998.8675
39.0372,0.4611,0.46327,1.48487,0.08375,27.13553,4.91339,1.39731,4999.53467
39.13115,0.46222,0.46182,1.48378,0.08398,27.19721,4.90344,1.39791,4999.2715
39.2251,0.46334,0.46044,1.48261,0.08421,27.25888,4.9134,1.39971,4999.48252
39.31905,0.46447,0.4595,1.48098,0.08438,27.32055,4.89739,1.3976,4999.83632
39.413,0.4656,0.45856,1.47936,0.08455,27.38222,4.91926,1.39951,5000.23179
39.50695,0.46674,0.45762,1.47774,0.08471,27.44389,4.90736,1.39577,4998.51061
39.6009,0.46788,0.45669,1.47612,0.08488,27.50556,4.91454,1.39574,4998.67166
39.69485,0.46902,0.45575,1.4745,0.08504,27.56724,4.90622,1.39645,4999.11424
39.7888,0.4703,0.45443,1.47334,0.08525,27.62891,4.92417,1.4,4999.95871
39.88275,0.47162,0.45292,1.4724,0.08549,27.69058,4.9179,1.39657,4998.41207
39.9767,0.47294,0.45141,1.47147,0.08572,27.75225,4.91164,1.39665,5000.13671
40.07065,0.47426,0.4499,1.47053,0.08595,27.81392,4.91248,1.39844,4999.13896
40.16459,0.47558,0.44839,1.46959,0.08619,27.87559,4.90569,1.39396,4999.48275
40.25854,0.47692,0.44701,1.46869,0.0864,27.93727,4.91738,1.39644,4998.93742
40.35249,0.47827,0.44594,1.46756,0.08657,27.99894,4.91202,1.39618,5000.40941
40.44644,0.47962,0.44488,1.46642,0.08674,28.06061,4.91324,1.39551,4998.91941
40.54039,0.48097,0.44381,1.46529,0.08691,28.12228,4.9011,1.39464,4998.59953
40.63434,0.48231,0.44275,1.46416,0.08708,28.18395,4.92832,1.39802,5000.88086
40.72829,0.48363,0.44164,1.46294,0.08727,28.24562,4.91074,1.39282,5000.38324
40.82224,0.48487,0.43987,1.46161,0.08757,28.3073,4.916,1.39487,4999.13484
40.91619,0.48611,0.43806,1.4603,0.08787,28.36897,4.92275,1.39729,5000.09502
41.01014,0.48735,0.43624,1.45899,0.08817,28.43064,4.92008,1.39687,4999.62374
41.10409,0.48859,0.43443,1.45767,0.08847,28.49231,4.90933,1.39605,4999.64292
41.19804,0.48983,0.43261,1.45636,0.08878,28.55398,4.91838,1.39707,4998.94153
41.29199,0.49112,0.43103,1.45526,0.08899,28.61565,4.92126,1.40029,4998.65913
41.38594,0.49237,0.42961,1.45425,0.08918,28.67733,4.91574,1.39994,5000.06507
41.47988,0.49361,0.4282,1.45325,0.08936,28.739,4.9094,1.3997,4998.82647
41.57383,0.49485,0.42678,1.45225,0.08955,28.80067,4.91655,1.40061,4999.55695
41.66778,0.4961,0.42536,1.45125,0.08973,28.86234,4.91814,1.40054,4999.25384
41.76173,0.49724,0.42403,1.45008,0.08992,28.92401,4.92561,1.39882,5001.26435
41.85568,0.49833,0.4227,1.44871,0.09014,28.98568,4.90837,1.39855,5000.55989
41.94963,0.49942,0.42137,1.44733,0.09037,29.04736,4.91568,1.39916,5000.54209
42.04358,0.50052,0.42004,1.44596,0.09059,29.10903,4.92419,1.40091,4999.02232
42.13753,0.50161,0.41871,1.44459,0.09081,29.1707,4.91069,1.40063,5000.18033
42.23148,0.50272,0.41744,1.4432,0.09104,29.23237,4.92376,1.401,5000.18045
42.32543,0.50371,0.41673,1.44155,0.09124,29.29404,4.92177,1.40213,5000.10641
42.41938,0.50468,0.41605,1.43989,0.09143,29.35571,4.91391,1.4008,4999.50392
42.51333,0.50566,0.41536,1.43824,0.09163,29.41739,4.92101,1.4011,5000.10944
42.60728,0.50664,0.41467,1.43658,0.09183,29.47906,4.91968,1.4016,4998.95421
42.70122,0.50761,0.41399,1.43492,0.09202,29.54073,4.92086,1.40161,4998.60127
42.79517,0.50867,0.41265,1.43376,0.09225,29.6024,4.92601,1.40174,4998.18941
42.88912,0.50976,0.41109,1.43269,0.09249,29.66407,4.92011,1.40195,4999.02135
42.98307,0.51085,0.40952,1.43161,0.09274,29.72574,4.92504,1.4026,4999.78539
43.07702,0.51194,0.40796,1.43054,0.09298,29.78742,4.92349,1.39823,4998.89125
43.17097,0.51303,0.40639,1.42947,0.09323,29.84909,4.92282,1.40018,4998.68151
43.26492,0.51425,0.4048,1.42836,0.09347,29.91076,4.91048,1.39873,4998.65052
43.35887,0.51562,0.40323,1.42716,0.09369,29.97243,4.92521,1.40282,4999.1311
43.45282,0.51699,0.40167,1.42596,0.09391,30.0341,4.93323,1.40369,4998.80782
43.54677,0.51836,0.40011,1.42476,0.09413,30.09577,4.93131,1.40351,5000.15678
43.64072,0.51973,0.39855,1.42355,0.09436,30.15745,4.912,1.40179,5000.34481
43.73467,0.52108,0.39702,1.42226,0.09458,30.21912,4.92656,1.40381,4999.62027
43.82862,0.52238,0.39568,1.42118,0.09483,30.28079,4.93212,1.40427,4999.33177
43.92257,0.52368,0.39434,1.4201,0.09508,30.34246,4.93558,1.40309,4998.41785
44.01651,0.52499,0.39299,1.41903,0.09533,30.40413,4.92421,1.40134,4998.87142
44.11046,0.52629,0.39165,1.41795,0.09558,30.4658,4.92419,1.40204,4999.78
44.20441,0.52759,0.39031,1.41688,0.09582,30.52748,4.91867,1.39978,4999.42625
44.29836,0.52863,0.38872,1.41584,0.09605,30.58915,4.92623,1.40188,4999.42417
44.39231,0.52961,0.3871,1.41464,0.09627,30.65082,4.92695,1.40375,4999.54673
44.48626,0.53059,0.38548,1.41345,0.09649,30.71249,4.92016,1.40076,4999.7081
44.58021,0.53156,0.38385,1.41225,0.09671,30.77416,4.9278,1.40381,4998.55331
44.67416,0.53254,0.38223,1.41105,0.09693,30.83584,4.93013,1.40365,4998.88918
44.76811,0.53351,0.38086,1.40965,0.09718,30.89751,4.93405,1.40482,5000.00489
44.86206,0.53449,0.37968,1.40827,0.09746,30.95918,4.93602,1.40389,4999.53062
44.95601,0.53547,0.3785,1.4069,0.09774,31.02085,4.93018,1.40386,5000.65353
45.04996,0.53645,0.37732,1.40552,0.09802,31.08252,4.92896,1.40272,4999.66886
45.14391,0.53744,0.37613,1.40415,0.0983,31.14419,4.92917,1.40257,4997.61415
45.23786,0.53851,0.37495,1.40287,0.09858,31.20587,4.93396,1.40257,4999.5191
45.3318,0.53972,0.37368,1.4019,0.09883,31.26754,4.93126,1.40302,4999.10231
45.42575,0.54093,0.3724,1.40092,0.09907,31.32921,4.92916,1.40292,4999.18633
45.5197,0.54214,0.37113,1.39995,0.09932,31.39088,4.93322,1.40248,4998.77968
45.61365,0.54336,0.36986,1.39898,0.09957,31.45255,4.92429,1.40121,4999.60906
45.7076,0.54457,0.36859,1.398,0.09981,31.51422,4.93369,1.40295,4998.28457
45.80155,0.54563,0.36706,1.3968,0.10007,31.5759,4.93437,1.40504,4997.25534
45.8955,0.54676,0.36554,1.3955,0.10032,31.63757,4.93002,1.40407,4999.58301
45.98945,0.5479,0.36403,1.3942,0.10057,31.69924,4.93034,1.4038,4999.39236
46.0834,0.54903,0.36251,1.3929,0.10081,31.76091,4.93749,1.40429,4999.89943
46.17735,0.55016,0.36099,1.3916,0.10106,31.82258,4.92534,1.40313,4999.15186
46.2713,0.55117,0.35969,1.3902,0.10131,31.88425,4.93986,1.40623,4999.73554
46.36525,0.55196,0.35855,1.38877,0.10156,31.94593,4.93411,1.40536,4998.9732
46.4592,0.55275,0.35741,1.38734,0.10181,32.0076,4.93882,1.40588,4999.19479
46.55315,0.55354,0.35627,1.3859,0.10207,32.06927,4.93783,1.40677,4999.82058
46.64709,0.55433,0.35513,1.38447,0.10232,32.13094,4.93514,1.40441,4999.78309
46.74104,0.55526,0.35389,1.38321,0.10258,32.19261,4.92715,1.40329,5000.61018
46.83499,0.55668,0.35227,1.3824,0.10286,32.25428,4.93572,1.40476,4999.34194
46.92894,0.55811,0.35066,1.38159,0.10314,32.31596,4.94421,1.40572,5000.25722
47.02289,0.55953,0.34904,1.38078,0.10342,32.37763,4.94704,1.40634,4999.73994
47.11684,0.56095,0.34743,1.37996,0.1037,32.4393,4.93662,1.4042,5000.17992
47.21079,0.56237,0.34582,1.37914,0.10398,32.50097,4.94475,1.40609,4999.04368
47.30474,0.56375,0.34417,1.37776,0.10424,32.56264,4.93267,1.4038,5000.29685
47.39869,0.56521,0.34239,1.37648,0.10451,32.62431,4.93862,1.4052,4999.08726
47.49264,0.56666,0.34061,1.3752,0.10478,32.68599,4.94647,1.40547,5000.94526
47.58659,0.56812,0.33883,1.37393,0.10505,32.74766,4.93171,1.4054,4999.33261
47.68054,0.56957,0.33705,1.37265,0.10532,32.80933,4.95108,1.40558,4999.87347
47.77449,0.57064,0.33562,1.37125,0.10561,32.871,4.93587,1.40397,5000.17341
47.86844,0.57127,0.33478,1.3695,0.10589,32.93267,4.92622,1.4038,4999.19883
47.96238,0.5719,0.33395,1.36774,0.10618,32.99434,4.94219,1.40681,4999.91734
48.05633,0.57253,0.33311,1.36598,0.10646,33.05602,4.93771,1.4056,4999.47828
48.15028,0.57316,0.33227,1.36423,0.10675,33.11769,4.93557,1.40596,5000.861
48.24423,0.57391,0.3314,1.36272,0.10703,33.17936,4.937,1.40649,4999.08861
48.33818,0.57516,0.33014,1.36206,0.1073,33.24103,4.93552,1.40628,4999.05087
48.43213,0.57641,0.32888,1.36139,0.10756,33.3027,4.95522,1.40744,4999.89713
48.52608,0.57766,0.32761,1.36072,0.10783,33.36437,4.94235,1.40694,4999.19291
48.62003,0.5789,0.32635,1.36006,0.10809,33.42605,4.94841,1.40769,4999.90769
48.71398,0.58015,0.32507,1.35936,0.10835,33.48772,4.95251,1.40805,4999.12828
48.80793,0.58119,0.32347,1.35788,0.10863,33.54939,4.93636,1.40654,4999.02338
48.90188,0.58219,0.32189,1.35634,0.10892,33.61106,4.934,1.40556,4997.82355
48.99583,0.58319,0.3203,1.3548,0.1092,33.67273,4.95126,1.40681,4998.91616
49.08978,0.58419,0.31871,1.35325,0.10949,33.7344,4.95123,1.40785,4999.82423
49.18373,0.58519,0.31712,1.35171,0.10977,33.79608,4.94887,1.40655,5000.56314
49.27767,0.58617,0.31573,1.35042,0.11006,33.85775,4.9443,1.4059,4999.96326
49.37162,0.58708,0.31441,1.3492,0.11034,33.91942,4.94341,1.40616,4999.38921
49.46557,0.58799,0.31309,1.34798,0.11063,33.98109,4.93851,1.4042,5000.28566
49.55952,0.5889,0.31177,1.34676,0.11091,34.04276,4.94733,1.40508,5000.35281
49.65347,0.58981,0.31045,1.34555,0.1112,34.10443,4.95439,1.40777,4999.64899
49.74742,0.59065,0.30921,1.34428,0.11148,34.16611,4.9339,1.40312,4999.50165
49.84137,0.59163,0.30797,1.34308,0.11178,34.22778,4.95384,1.40751,4999.32885
49.93532,0.59261,0.30673,1.34188,0.11208,34.28945,4.946,1.40732,4999.4182
50.02927,0.59359,0.30549,1.34069,0.11238,34.35112,4.93855,1.40659,4998.25361
50.12322,0.59457,0.30425,1.33949,0.11268,34.41279,4.94821,1.40713,4998.81762
50.21717,0.59557,0.30297,1.33832,0.11299,34.47446,4.95947,1.41023,4998.56172
50.31112,0.59659,0.30133,1.33734,0.11333,34.53614,4.95244,1.40917,4999.24516
50.40507,0.59757,0.2997,1.33635,0.11367,34.59781,4.95296,1.41043,4999.06151
50.49902,0.59855,0.29806,1.33536,0.11401,34.65948,4.93643,1.40649,4998.54569
50.59296,0.59954,0.29643,1.33437,0.11434,34.72115,4.94151,1.4029,4999.55086
50.68691,0.60052,0.2948,1.33338,0.11468,34.78282,4.94296,1.40294,5001.00172
50.78086,0.60171,0.29341,1.33228,0.11499,34.84449,4.95641,1.39914,4999.42228
50.87481,0.60302,0.2921,1.33121,0.1153,34.90617,4.94422,1.39876,4998.82129
50.96876,0.60432,0.29079,1.33014,0.11561,34.96784,4.94347,1.40387,4999.2393
51.06271,0.60562,0.28948,1.32907,0.11591,35.02951,4.94387,1.40646,4999.43874
51.15666,0.60693,0.28817,1.328,0.11622,35.09118,4.94477,1.40549,5000.28746
51.25061,0.60814,0.28679,1.32697,0.11653,35.15285,4.94567,1.40541,5000.23604
51.34456,0.60912,0.28535,1.32576,0.11684,35.21452,4.94699,1.40568,4998.91377
51.43851,0.61009,0.28391,1.32454,0.11715,35.2762,4.95205,1.40495,5000.46095
51.53246,0.61107,0.28246,1.32333,0.11745,35.33787,4.95485,1.40288,5000.00064
51.62641,0.61205,0.28102,1.32212,0.11776,35.39954,4.95662,1.40342,5000.00485
51.72036,0.61303,0.27957,1.32088,0.11807,35.46121,4.95981,1.40462,5000.39454
51.81431,0.61414,0.27794,1.31981,0.11839,35.52288,4.94863,1.40148,5000.83515
51.90825,0.61528,0.27627,1.31882,0.11872,35.58455,4.95048,1.40136,4999.68176
52.0022,0.61642,0.2746,1.31783,0.11906,35.64623,4.95941,1.40697,5001.74733
52.09615,0.61756,0.27293,1.31683,0.11939,35.7079,4.95135,1.40638,5000.1661
52.1901,0.61871,0.27127,1.31584,0.11972,35.76957,4.95677,1.40704,5000.47985
52.28405,0.61975,0.26994,1.31465,0.12007,35.83124,4.94786,1.40685,4999.03885
52.378,0.6207,0.2688,1.31328,0.12043,35.89291,4.95111,1.40814,4998.9535
52.47195,0.62164,0.26767,1.31191,0.12078,35.95458,4.95116,1.40781,4999.27081
52.5659,0.62259,0.26654,1.31054,0.12114,36.01626,4.95433,1.40737,4998.92848
52.65985,0.62354,0.2654,1.30918,0.12149,36.07793,4.95374,1.40811,4998.45089
52.7538,0.62446,0.26415,1.30804,0.12185,36.1396,4.95174,1.40708,4998.9991
52.84775,0.62541,0.26276,1.30727,0.12221,36.20127,4.94406,1.40623,4999.53637
52.9417,0.62636,0.26136,1.3065,0.12257,36.26294,4.95652,1.40868,4999.93324
53.03565,0.62731,0.25996,1.30573,0.12294,36.32461,4.94517,1.40446,4997.95
53.1296,0.62826,0.25856,1.30497,0.1233,36.38629,4.96602,1.40905,4999.80381
53.22354,0.62922,0.25717,1.30414,0.12366,36.44796,4.96291,1.40807,5000.02033
53.31749,0.63017,0.25598,1.30266,0.12395,36.50963,4.96033,1.40826,5000.23281
53.41144,0.63112,0.25482,1.30114,0.12424,36.5713,4.95895,1.40888,4999.90721
53.50539,0.63207,0.25366,1.29961,0.12452,36.63297,4.94904,1.40608,4999.24238
53.59934,0.63301,0.25249,1.29809,0.12481,36.69464,4.96156,1.40843,5000.26079
53.69329,0.63396,0.25133,1.29657,0.12509,36.75632,4.95573,1.40743,4999.54801
53.78724,0.63495,0.25033,1.2951,0.12544,36.81799,4.95932,1.40734,4998.92855
53.88119,0.63595,0.24932,1.29374,0.12582,36.87966,4.95053,1.40576,4999.07468
53.97514,0.63695,0.24832,1.29238,0.1262,36.94133,4.96531,1.40974,4998.21095
54.06909,0.63796,0.24731,1.29102,0.12658,37.003,4.96092,1.40914,4999.65342
54.16304,0.63896,0.24631,1.28965,0.12696,37.06467,4.95772,1.40933,4999.97221
54.25699,0.63991,0.24507,1.2885,0.12734,37.12635,4.96732,1.41187,4998.80492
54.35094,0.64094,0.2433,1.28768,0.12772,37.18802,4.95559,1.40922,4998.34716
54.44489,0.64197,0.24153,1.28686,0.1281,37.24969,4.9463,1.40779,4998.75138
54.53883,0.643,0.23976,1.28604,0.12848,37.31136,4.96437,1.41087,5000.24768
54.63278,0.64404,0.23799,1.28521,0.12886,37.37303,4.96701,1.40987,5000.07188
54.72673,0.64513,0.23619,1.28437,0.12923,37.4347,4.96248,1.40836,4999.70317
54.82068,0.64625,0.23468,1.2831,0.12957,37.49638,4.97334,1.40894,4999.85918
54.91463,0.64727,0.23331,1.28172,0.1299,37.55805,4.95997,1.4063,4999.88956
55.00858,0.64828,0.23195,1.28033,0.13024,37.61972,4.96856,1.40883,5000.08471
55.10253,0.6493,0.23058,1.27894,0.13058,37.68139,4.95971,1.40863,5000.35205
55.19648,0.65032,0.22921,1.27756,0.13091,37.74306,4.96942,1.40943,4999.68811
55.29043,0.6509,0.22815,1.27597,0.13127,37.80473,4.96154,1.40804,4999.97722
55.38438,0.65147,0.22705,1.27435,0.13162,37.86641,4.95915,1.40789,4997.96097
55.47833,0.65205,0.22596,1.27272,0.13197,37.92808,4.96998,1.40875,5000.09448
55.57228,0.65262,0.22487,1.2711,0.13232,37.98975,4.95962,1.40689,4999.38437
55.66623,0.65319,0.22377,1.26948,0.13267,38.05142,4.96121,1.40804,4998.15706
55.76018,0.65404,0.22228,1.26833,0.13308,38.11309,4.96498,1.4056,4999.14769
55.85412,0.65519,0.22025,1.26796,0.13357,38.17476,4.97623,1.40837,5000.91902
55.94807,0.65634,0.21822,1.26759,0.13406,38.23644,4.97456,1.40777,5001.03113
56.04202,0.6575,0.21618,1.26721,0.13455,38.29811,4.97362,1.40697,5001.42887
56.13597,0.65865,0.21415,1.26684,0.13504,38.35978,4.96744,1.40801,4998.77683
56.22992,0.65977,0.2122,1.26639,0.13552,38.42145,4.97261,1.40781,5001.04159
56.32387,0.66045,0.21103,1.26505,0.13595,38.48312,4.96483,1.40732,4998.20393
56.41782,0.66111,0.20988,1.26367,0.13639,38.54479,4.96161,1.40796,4998.89665
56.51177,0.66178,0.20874,1.26229,0.13683,38.60647,4.96878,1.40967,4999.4182
56.60572,0.66244,0.2076,1.26091,0.13727,38.66814,4.9633,1.40669,4999.2466
56.69967,0.6631,0.20646,1.25954,0.13771,38.72981,4.95557,1.40826,4999.19287
56.79362,0.66401,0.2052,1.25822,0.13812,38.79148,4.96465,1.40855,5001.49018
56.88757,0.66498,0.20386,1.25699,0.13851,38.85315,4.97196,1.40986,5000.62319
56.98152,0.66596,0.20251,1.25576,0.13889,38.91482,4.96206,1.40546,5000.00212
57.07546,0.66694,0.20117,1.25453,0.13928,38.9765,4.96276,1.40771,4999.7357
57.16941,0.66792,0.19983,1.2533,0.13966,39.03817,4.97609,1.40904,4999.38408
57.26336,0.66888,0.1983,1.2522,0.1401,39.09984,4.96082,1.40698,4998.13773
57.35731,0.66984,0.19661,1.251,0.14058,39.16151,4.97105,1.40756,4998.37198
57.45126,0.6708,0.19492,1.2498,0.14107,39.22318,4.96774,1.40671,5000.03601
57.54521,0.67177,0.19323,1.2486,0.14155,39.28485,4.97335,1.40828,4998.7793
57.63916,0.67273,0.19154,1.24741,0.14204,39.34653,4.96316,1.40886,4998.97714
57.73311,0.67365,0.18989,1.24615,0.14251,39.4082,4.97354,1.41006,4999.68135
57.82706,0.67455,0.18867,1.24502,0.14297,39.46987,4.97392,1.40994,4999.64624
57.92101,0.67546,0.18745,1.24389,0.14343,39.53154,4.9663,1.40872,5000.3577
58.01496,0.67636,0.18624,1.24277,0.14389,39.59321,4.98058,1.41165,5000.93368
58.10891,0.67727,0.18503,1.24164,0.14435,39.65488,4.97095,1.40932,4999.1879
58.20286,0.67817,0.18382,1.24052,0.14481,39.71656,4.97073,1.40844,4998.20078
58.29681,0.6788,0.18257,1.23941,0.14532,39.77823,4.97151,1.40858,4998.77629
58.39075,0.67929,0.18123,1.23833,0.14584,39.8399,4.97099,1.40854,5000.19906
58.4847,0.67979,0.17989,1.23724,0.14636,39.90157,4.96457,1.40767,4999.02965
58.57865,0.68028,0.17855,1.23616,0.14688,39.96324,4.97895,1.40913,5000.16493
58.6726,0.68077,0.17722,1.23508,0.14741,40.02491,4.9678,1.408,4999.31704
58.76655,0.6813,0.17597,1.23393,0.14794,40.08659,4.96891,1.40822,4999.26815
58.8605,0.68198,0.17488,1.23266,0.14846,40.14826,4.96597,1.40748,5000.46997
58.95445,0.68266,0.17378,1.23139,0.14897,40.20993,4.97933,1.40784,4999.22182
59.0484,0.68334,0.17268,1.23013,0.14949,40.2716,4.98287,1.40792,4998.9393
59.14235,0.68402,0.17158,1.22886,0.15001,40.33327,4.97519,1.40734,4999.2097
59.2363,0.68473,0.17037,1.22762,0.15054,40.39494,4.97165,1.40774,4999.45379
59.33025,0.68529,0.1688,1.22659,0.15116,40.45662,4.96304,1.40847,5000.03412
59.4242,0.68586,0.16724,1.22557,0.15178,40.51829,4.98204,1.41155,4998.1279
59.51815,0.68643,0.16567,1.22454,0.15239,40.57996,4.98412,1.41243,4999.02764
59.6121,0.687,0.16411,1.22351,0.15301,40.64163,4.97823,1.41024,4999.2979
59.70604,0.68757,0.16254,1.22248,0.15363,40.7033,4.9678,1.4101,4999.22547
59.79999,0.68821,0.16112,1.22165,0.15424,40.76497,4.97512,1.40927,4999.84058
59.89394,0.68892,0.15971,1.22088,0.15485,40.82665,4.97706,1.40898,4999.72034
59.98789,0.68962,0.15831,1.22012,0.15546,40.88832,4.9769,1.41053,5000.08769
60.08184,0.69033,0.1569,1.21936,0.15607,40.94999,4.96465,1.40876,4998.6248
60.17579,0.69103,0.15549,1.21859,0.15668,41.01166,4.97937,1.41125,4999.21349
60.26974,0.69138,0.15431,1.21758,0.15733,41.07333,4.97608,1.41082,4999.46157
60.36369,0.69152,0.15317,1.21631,0.15803,41.135,4.9774,1.41125,4999.26471
60.45764,0.69166,0.15204,1.21505,0.15872,41.19668,4.97512,1.41111,4998.68867
60.55159,0.6918,0.1509,1.21379,0.15941,41.25835,4.97448,1.41104,4999.73314
60.64554,0.69194,0.14977,1.21253,0.1601,41.32002,4.97331,1.41058,4999.76989
60.73949,0.69212,0.1485,1.21144,0.16081,41.38169,4.97065,1.40997,5000.17908
60.83344,0.69199,0.14734,1.21051,0.16161,41.44336,4.97332,1.41126,4998.47246
60.92739,0.69186,0.14618,1.20957,0.1624,41.50503,4.97255,1.41091,4998.17256
61.02133,0.69173,0.14502,1.20864,0.16319,41.56671,4.98615,1.41119,4999.51211
61.11528,0.69161,0.14386,1.2077,0.16398,41.62838,4.98392,1.41017,4999.3367
61.20923,0.69148,0.1427,1.20676,0.16477,41.69005,4.96402,1.40697,4999.4968
,,,,,41.75172,4.9798,1.4096,4999.60933
,,,,,41.81339,4.98484,1.40966,4998.55834
,,,,,41.87506,4.97254,1.40692,4999.15032
,,,,,41.93674,4.96829,1.40899,4997.75699
,,,,,41.99841,4.97875,1.41137,4998.38484
,,,,,42.06008,4.99091,1.41307,5001.19851
,,,,,42.12175,4.97957,1.41228,4999.16599
,,,,,42.18342,4.96969,1.40787,4998.99686
,,,,,42.24509,4.98274,1.41124,4998.73266
,,,,,42.30677,4.99162,1.41268,4998.87081
,,,,,42.36844,4.99303,1.4144,4998.70733
,,,,,42.43011,4.99351,1.41402,4999.70031
,,,,,42.49178,4.98979,1.41353,4998.52522
,,,,,42.55345,4.98554,1.4109,4999.39911
,,,,,42.61512,4.97333,1.41053,5000.156
,,,,,42.6768,4.98458,1.41185,4999.07881
,,,,,42.73847,4.97626,1.41166,4999.95414
,,,,,42.80014,4.98576,1.41352,4998.98346
,,,,,42.86181,4.9875,1.41419,4999.54029
,,,,,42.92348,4.98313,1.41328,4998.67054
,,,,,42.98515,4.9727,1.41158,4998.2575
,,,,,43.04683,4.98802,1.41396,4999.92388
,,,,,43.1085,4.96878,1.41077,5000.0221
,,,,,43.17017,4.99834,1.41578,5000.5829
,,,,,43.23184,4.99504,1.41436,4999.93451
,,,,,43.29351,4.98545,1.4131,4998.85779
,,,,,43.35518,4.98694,1.41383,4999.0594
,,,,,43.41686,4.97697,1.41247,5000.05418
,,,,,43.47853,4.99251,1.41484,5000.06018
,,,,,43.5402,4.97683,1.41056,4998.75131
,,,,,43.60187,4.9854,1.40958,5000.27145
,,,,,43.66354,4.99319,1.41358,4998.52876
,,,,,43.72521,4.99093,1.41405,4998.91027
,,,,,43.78689,4.9869,1.41392,4998.54126
,,,,,43.84856,4.98706,1.41424,4999.74209
,,,,,43.91023,4.98462,1.41436,4999.42307
,,,,,43.9719,4.98362,1.41348,5000.0746
,,,,,44.03357,4.98052,1.41303,4998.42126
,,,,,44.09524,4.98897,1.41435,4999.31769
,,,,,44.15692,4.98553,1.41464,4997.51214
,,,,,44.21859,4.98318,1.41338,5000.07737
,,,,,44.28026,4.98731,1.4128,4999.24818
,,,,,44.34193,5.00092,1.41437,5000.23109
,,,,,44.4036,4.98332,1.41103,4999.1819
,,,,,44.46527,4.98803,1.41115,5000.89251
,,,,,44.52695,4.99712,1.41127,5000.65022
,,,,,44.58862,4.98719,1.40929,4998.93196
,,,,,44.65029,4.98454,1.41117,4998.97684
,,,,,44.71196,4.98679,1.41187,4999.79829
,,,,,44.77363,4.99742,1.41399,4999.35571
,,,,,44.8353,4.99241,1.41359,4999.65595
,,,,,44.89698,5.00508,1.41561,4998.24958
,,,,,44.95865,4.98825,1.41323,4998.42721
,,,,,45.02032,4.98834,1.4128,4998.82654
,,,,,45.08199,4.99999,1.41405,4998.37761
,,,,,45.14366,4.99824,1.41334,4999.65537
,,,,,45.20533,5.0016,1.41431,4998.8663
,,,,,45.26701,4.99051,1.41137,4999.04361
,,,,,45.32868,4.99573,1.41096,5001.07179
,,,,,45.39035,4.98719,1.4103,4998.60239
,,,,,45.45202,5.00373,1.41279,4999.22081
,,,,,45.51369,4.99269,1.41141,4997.69221
,,,,,45.57536,4.99703,1.41122,4998.66121
,,,,,45.63704,5.00407,1.41362,4999.01326
,,,,,45.69871,5.00715,1.41504,4999.8028
,,,,,45.76038,4.99021,1.41295,4999.99095
,,,,,45.82205,4.99339,1.41394,4999.57455
,,,,,45.88372,4.99104,1.4136,5000.21528
,,,,,45.94539,4.99539,1.41469,4998.77755
,,,,,46.00707,5.00443,1.41623,4999.60111
,,,,,46.06874,4.99697,1.41524,4999.38979
,,,,,46.13041,4.99674,1.41538,4998.9668
,,,,,46.19208,4.98843,1.41458,5001.12489
,,,,,46.25375,5.00351,1.41606,4999.21963
,,,,,46.31542,4.9929,1.41201,4999.84618
,,,,,46.3771,5.01402,1.41665,4999.3726
,,,,,46.43877,4.9967,1.41469,5000.21496
,,,,,46.50044,4.99156,1.41447,4998.80906
,,,,,46.56211,5.00321,1.41578,4999.92678
,,,,,46.62378,5.00226,1.41519,4998.68616
,,,,,46.68545,4.99864,1.41534,4999.06208
,,,,,46.74713,4.99619,1.41499,4998.68
,,,,,46.8088,5.00792,1.41649,5000.34296
,,,,,46.87047,4.99947,1.41589,4999.96995
,,,,,46.93214,5.00082,1.41513,4998.90911
,,,,,46.99381,4.99582,1.41428,4999.93008
,,,,,47.05548,5.00908,1.41437,4999.92384
,,,,,47.11716,5.0122,1.41621,5000.22634
,,,,,47.17883,5.00041,1.41289,4999.27001
,,,,,47.2405,5.01652,1.41615,4999.47047
,,,,,47.30217,5.0061,1.41386,4999.41856
,,,,,47.36384,5.00626,1.41389,4999.19566
,,,,,47.42551,4.99716,1.41317,4998.8978
,,,,,47.48719,5.00512,1.41198,4999.68198
,,,,,47.54886,5.00301,1.41331,4998.74477
,,,,,47.61053,5.00216,1.41307,4999.33314
,,,,,47.6722,4.99487,1.412,4999.80689
,,,,,47.73387,5.0116,1.41424,4998.87281
,,,,,47.79554,5.00614,1.41278,4999.96671
,,,,,47.85722,5.00769,1.41308,4999.66803
,,,,,47.91889,5.00302,1.41275,4999.48608
,,,,,47.98056,5.02321,1.41795,4999.6073
,,,,,48.04223,5.0036,1.41583,4999.47864
,,,,,48.1039,5.00921,1.41678,4998.57255
,,,,,48.16557,5.01783,1.41689,4999.39937
,,,,,48.22725,5.01799,1.41817,4999.5515
,,,,,48.28892,5.01319,1.41633,4999.4856
,,,,,48.35059,5.00638,1.41571,5001.2889
,,,,,48.41226,5.00501,1.41519,4999.49272
,,,,,48.47393,5.02095,1.41743,5000.18768
,,,,,48.5356,5.00454,1.41578,4998.97441
,,,,,48.59728,5.00999,1.41597,4998.93075
,,,,,48.65895,5.00074,1.41429,5000.67069
,,,,,48.72062,5.00253,1.41473,4999.63828
,,,,,48.78229,5.01486,1.41709,5000.2537
,,,,,48.84396,5.01192,1.41709,4999.53489
,,,,,48.90563,5.00519,1.41565,5000.08278
,,,,,48.96731,5.01888,1.4179,4999.722
,,,,,49.02898,5.01024,1.41678,4999.47711
,,,,,49.09065,5.00714,1.41658,4998.1287
,,,,,49.15232,5.0286,1.41989,4999.89568
,,,,,49.21399,5.01701,1.41741,4998.51745
,,,,,49.27566,5.00978,1.41705,4998.82867
,,,,,49.33734,5.00758,1.41673,4998.68025
,,,,,49.39901,5.01627,1.41798,4998.48907
,,,,,49.46068,5.0151,1.41711,4998.64294
,,,,,49.52235,5.01656,1.41719,4998.84668
,,,,,49.58402,5.02141,1.4174,5000.20979
,,,,,49.64569,5.02186,1.41587,5000.39498
,,,,,49.70737,5.02916,1.41614,4998.79159
,,,,,49.76904,5.02278,1.41462,4998.58263
,,,,,49.83071,5.01815,1.41387,4999.72043
,,,,,49.89238,5.02858,1.41538,4999.08787
,,,,,49.95405,5.00869,1.41244,4999.05439
,,,,,50.01572,5.01966,1.41536,4998.03656
,,,,,50.0774,5.01838,1.41627,4999.58558
,,,,,50.13907,5.03327,1.41863,4999.512
,,,,,50.20074,5.03273,1.41915,4998.93273
,,,,,50.26241,5.01125,1.41614,4999.49783
,,,,,50.32408,5.01726,1.41687,4999.77982
,,,,,50.38575,5.02215,1.41775,4999.90833
,,,,,50.44743,5.02366,1.41741,4998.30926
,,,,,50.5091,5.01854,1.41652,5000.19138
,,,,,50.57077,5.026,1.41763,4999.45192
,,,,,50.63244,5.03236,1.41925,4999.14018
,,,,,50.69411,5.02379,1.41748,4999.77287
,,,,,50.75578,5.02418,1.41814,5000.14848
,,,,,50.81746,5.02195,1.41743,5000.172
,,,,,50.87913,5.03122,1.41761,4999.3602
,,,,,50.9408,5.02417,1.41666,4998.68664
,,,,,51.00247,5.03946,1.42024,4998.0237
,,,,,51.06414,5.02274,1.41725,4999.86754
,,,,,51.12581,5.0343,1.41864,4998.67455
,,,,,51.18749,5.02973,1.4181,4999.43757
,,,,,51.24916,5.03935,1.41943,5000.06745
,,,,,51.31083,5.04156,1.41968,4999.15606
,,,,,51.3725,5.02645,1.4166,4999.791
,,,,,51.43417,5.0221,1.41674,4999.4812
,,,,,51.49584,5.02957,1.41787,4999.35708
,,,,,51.55752,5.02827,1.4165,4999.57849
,,,,,51.61919,5.02683,1.41698,4998.5373
,,,,,51.68086,5.03635,1.41652,4999.69026
,,,,,51.74253,5.04143,1.41925,4998.84029
,,,,,51.8042,5.04207,1.41904,4998.99414
,,,,,51.86587,5.03671,1.4182,4999.39352
,,,,,51.92755,5.03539,1.41791,5000.15679
,,,,,51.98922,5.03445,1.41816,4999.50962
,,,,,52.05089,5.03384,1.41747,4998.8448
,,,,,52.11256,5.03694,1.4188,4999.76156
,,,,,52.17423,5.04553,1.41931,5000.29582
,,,,,52.2359,5.02896,1.4175,4999.16373
,,,,,52.29758,5.03856,1.41831,4999.25121
,,,,,52.35925,5.04275,1.41902,4999.92304
,,,,,52.42092,5.03731,1.41828,4998.75561
,,,,,52.48259,5.03079,1.41729,4998.43699
,,,,,52.54426,5.0491,1.41987,4999.20555
,,,,,52.60593,5.04721,1.41951,4999.45891
,,,,,52.66761,5.03256,1.41738,5000.62109
,,,,,52.72928,5.04225,1.41874,4999.32454
,,,,,52.79095,5.04294,1.4188,4999.38496
,,,,,52.85262,5.04071,1.41843,5000.23668
,,,,,52.91429,5.03447,1.41694,4999.03575
,,,,,52.97596,5.04183,1.41825,5000.61709
,,,,,53.03764,5.04202,1.41828,4999.16656
,,,,,53.09931,5.03777,1.41762,5000.2871
,,,,,53.16098,5.04003,1.41804,4998.53367
,,,,,53.22265,5.03694,1.41661,4999.07791
,,,,,53.28432,5.04335,1.4175,4997.65869
,,,,,53.34599,5.03929,1.41645,5000.084
,,,,,53.40767,5.0364,1.41452,4999.78399
,,,,,53.46934,5.04467,1.41714,5001.16959
,,,,,53.53101,5.04813,1.41799,4998.69982
,,,,,53.59268,5.04853,1.41826,4999.98138
,,,,,53.65435,5.05843,1.41908,4999.96395
,,,,,53.71602,5.05707,1.41863,4999.81384
,,,,,53.7777,5.05163,1.41846,5000.83004
,,,,,53.83937,5.04796,1.41726,4998.77241
,,,,,53.90104,5.06481,1.4206,4999.91062
,,,,,53.96271,5.06143,1.41882,4998.97142
,,,,,54.02438,5.05267,1.41776,4999.9962
,,,,,54.08605,5.05015,1.41767,4999.09147
,,,,,54.14773,5.05831,1.41819,4999.95702
,,,,,54.2094,5.04219,1.41568,4998.77617
,,,,,54.27107,5.05028,1.41703,4999.29393
,,,,,54.33274,5.05248,1.41759,4999.059
,,,,,54.39441,5.04381,1.41624,4998.45567
,,,,,54.45608,5.04978,1.41688,4998.66823
,,,,,54.51776,5.04523,1.41575,4999.30316
,,,,,54.57943,5.0587,1.41781,4999.19296
,,,,,54.6411,5.05073,1.41653,4999.956
,,,,,54.70277,5.04827,1.41559,4997.97118
,,,,,54.76444,5.0536,1.41475,5000.69072
,,,,,54.82611,5.06304,1.4168,4997.54819
,,,,,54.88779,5.06275,1.41587,4999.39975
,,,,,54.94946,5.05242,1.41515,4999.84106
,,,,,55.01113,5.06218,1.41641,4999.80686
,,,,,55.0728,5.04465,1.41352,4999.22271
,,,,,55.13447,5.06907,1.41738,4998.60769
,,,,,55.19614,5.07095,1.41686,5000.21885
,,,,,55.25782,5.05581,1.41447,4999.17638
,,,,,55.31949,5.06936,1.41629,4998.7812
,,,,,55.38116,5.06054,1.41455,4998.9585
,,,,,55.44283,5.05854,1.41487,4998.72365
,,,,,55.5045,5.05456,1.41336,4998.95315
,,,,,55.56617,5.07219,1.41496,4999.24803
,,,,,55.62785,5.05683,1.41301,4998.12594
,,,,,55.68952,5.07067,1.41491,4999.05131
,,,,,55.75119,5.06272,1.41325,4999.39965
,,,,,55.81286,5.06199,1.413,4998.95567
,,,,,55.87453,5.08185,1.41602,4998.85421
,,,,,55.9362,5.07265,1.41433,4998.68057
,,,,,55.99788,5.07171,1.41408,4998.64143
,,,,,56.05955,5.07073,1.41312,4999.72377
,,,,,56.12122,5.07879,1.41428,5000.03163
,,,,,56.18289,5.06759,1.41183,5000.91081
,,,,,56.24456,5.07977,1.41231,4999.78428
,,,,,56.30623,5.06728,1.41089,5000.01387
,,,,,56.36791,5.07312,1.41112,5001.62508
,,,,,56.42958,5.06584,1.4102,4998.72013
,,,,,56.49125,5.07508,1.41124,5000.93488
,,,,,56.55292,5.07002,1.40982,4999.3201
,,,,,56.61459,5.08455,1.41212,4999.658
,,,,,56.67626,5.06936,1.40897,4999.56303
,,,,,56.73794,5.07884,1.41018,4999.47407
,,,,,56.79961,5.08227,1.41064,5000.12138
,,,,,56.86128,5.08424,1.41,4998.56724
,,,,,56.92295,5.08216,1.40928,4998.44369
,,,,,56.98462,5.08625,1.4095,5000.02778
,,,,,57.04629,5.0856,1.40911,5000.16374
,,,,,57.10797,5.08239,1.40818,5000.32877
,,,,,57.16964,5.08908,1.40826,4999.88059
,,,,,57.23131,5.07545,1.40561,4999.0994
,,,,,57.29298,5.07012,1.40446,4999.12797
,,,,,57.35465,5.0829,1.40515,4999.29014
,,,,,57.41632,5.08891,1.4061,5000.30322
,,,,,57.478,5.09653,1.40699,4999.91071
,,,,,57.53967,5.10551,1.40789,4998.96093
,,,,,57.60134,5.09899,1.40651,4999.18026
,,,,,57.66301,5.08934,1.40465,5000.813
,,,,,57.72468,5.09096,1.40421,4998.22572
,,,,,57.78635,5.07791,1.40146,4999.36885
,,,,,57.84803,5.08818,1.4031,4998.56751
,,,,,57.9097,5.09284,1.40282,4998.13435
,,,,,57.97137,5.10509,1.40435,4998.37876
,,,,,58.03304,5.0908,1.40154,4999.61764
,,,,,58.09471,5.08511,1.40046,4999.75867
,,,,,58.15638,5.10055,1.40226,4999.60223
,,,,,58.21806,5.09873,1.40156,4998.40314
,,,,,58.27973,5.09662,1.40041,4996.94437
,,,,,58.3414,5.09708,1.40059,4999.19243
,,,,,58.40307,5.10989,1.40212,4999.58661
,,,,,58.46474,5.10306,1.40102,4999.22369
,,,,,58.52641,5.10128,1.40042,4997.8379
,,,,,58.58809,5.10726,1.40069,4998.6937
,,,,,58.64976,5.11031,1.40075,5000.06271
,,,,,58.71143,5.10651,1.40019,4998.705
,,,,,58.7731,5.1129,1.40079,4998.80161
,,,,,58.83477,5.11598,1.40087,4999.6821
,,,,,58.89644,5.10652,1.39826,4999.08745
,,,,,58.95812,5.11809,1.40019,5000.80063
,,,,,59.01979,5.11878,1.40045,4998.49708
,,,,,59.08146,5.12194,1.40026,4999.2691
,,,,,59.14313,5.12833,1.40096,4998.97335
,,,,,59.2048,5.12322,1.39877,4999.5192
,,,,,59.26647,5.12335,1.39942,4998.30358
,,,,,59.32815,5.13946,1.40198,4999.1631
,,,,,59.38982,5.13231,1.40097,4998.43438
,,,,,59.45149,5.13716,1.40123,5000.32171
,,,,,59.51316,5.13443,1.40018,4999.29278
,,,,,59.57483,5.1357,1.39997,4999.53383
,,,,,59.6365,5.14799,1.402,4999.86877
,,,,,59.69818,5.14697,1.40184,4999.95144
,,,,,59.75985,5.15082,1.40205,5000.26151
,,,,,59.82152,5.14929,1.40146,5000.06032
,,,,,59.88319,5.15455,1.40241,5001.36632
,,,,,59.94486,5.14289,1.40014,4998.8471
,,,,,60.00653,5.15579,1.40208,5000.56872
,,,,,60.06821,5.15877,1.40297,5000.13221
,,,,,60.12988,5.15978,1.40322,4998.4868
,,,,,60.19155,5.17316,1.40427,4999.25005
,,,,,60.25322,5.1654,1.40373,4999.58345
,,,,,60.31489,5.17369,1.40465,5000.29528
,,,,,60.37656,5.17421,1.40527,5000.13551
,,,,,60.43824,5.1692,1.40386,4999.46159
,,,,,60.49991,5.18002,1.40621,4999.45422
,,,,,60.56158,5.1878,1.40722,4999.02599
,,,,,60.62325,5.18439,1.40742,4999.55084
,,,,,60.68492,5.18448,1.40801,4997.85726
,,,,,60.74659,5.19173,1.40988,4998.75671
,,,,,60.80827,5.18724,1.4095,4999.30591
,,,,,60.86994,5.19586,1.41096,5000.63652
,,,,,60.93161,5.19566,1.41162,5000.3808
,,,,,60.99328,5.20969,1.41451,4999.36883
,,,,,61.05495,5.19881,1.4137,4999.49826
,,,,,61.11662,5.19527,1.41431,4998.89226
,,,,,61.1783,5.20673,1.41637,4998.13618
,,,,,61.23997,5.21469,1.41866,4999.12573
,,,,,61.30164,5.19992,1.41741,5000.27133
,,,,,61.36331,5.21167,1.41964,4997.69018
,,,,,61.42498,5.21503,1.42142,4999.63189
,,,,,61.48665,5.21492,1.42154,4998.27788
,,,,,61.54833,5.22042,1.4232,4998.4245
,,,,,61.61,5.22614,1.4249,4999.10522